Protein Change,N_Samples
*1256Sext*10,1
A1039T,1
A1160V,1
A355Qfs*76,1
A37T,1
D277H,1
D638H,1
D639E,1
D769H,1
D769N,1
D769Y,11
D808E,1
D873G,3
D933Y,1
E139Sfs*11,1
E405D,1
E717K,1
E744D,1
E770_A771insGIRD,10
E939G,1
E975Q,1
F976L,1
G1055C,1
G1201V,1
G309A,1
G621Afs*31,1
G727A,4
G778_P780dup,3
G778_S779insLPG,5
G778_S779insLPS,6
H470Q,1
H878Y,1
I435L,1
I767M,4
I886M,1
L1197F,1
L313V,2
L43V,1
L662V,1
L755_T759del,4
L755_T759delinsAQSQQ,1
L755M,1
L755S,43
L755W,1
L785F,1
L869R,7
M833I,1
M889I,1
N427K,1
N488S,1
P122L,2
P232S,1
P416T,1
P523S,3
P579L,1
P702L,1
Q1206K,1
R1153L,1
R190Q,1
R203P,1
R288Q,1
R340G,1
R34W,1
R456C,4
R47C,1
R678Q,3
R897G,1
R929W,2
S305C,2
S310F,15
S310Y,4
S609C,1
S609F,1
S963*,1
T297I,1
T306M,1
T479M,1
T733I,1
T862A,2
T862S,1
V1128I,1
V424I,1
V697L,1
V777L,22
V797A,1
V842I,4
W482Gfs*74,1
W825*,2
W906C,1
X1054_splice,1
X1097_splice,1
X408_splice,1
Y1127_A1129del,1
Y64F,1
Y772_A775dup,1
Y772_V773insRDGE,1
Y835F,1
