mRNA	logFC	FDR	Short	Long	Delta
C4orf7	-6.393813209451605	1.9431073193032003e-7	26505.653846153848	297.462962962963	169472.1996866902
FGA	-6.6177194507900685	0.0011794405876826486	3332.4358974358975	20.24074074074074	22053.125856972598
FGG	-3.486067876371439	0.034331773447937974	6268.576923076923	462.98148148148147	21852.684642101776
CHGA	-6.499324776343148	4.868109820236827e-6	3231.769230769231	34.074074074074076	21004.317832961897
PIGR	-1.6016409277959434	0.1568241035897011	8993.205128205129	2804.3703703703704	14403.885405397697
TFF3	1.0052715459929067	0.2743647786799332	13774.47435897436	29777.74074074074	13847.087134085807
CYP2A7	-7.919551822901026	8.310831145835966e-8	1307.5641025641025	6.092592592592593	10355.321672021482
FABP7	-1.9149283965489259	0.289937617278626	3664.9358974358975	822.9814814814815	7018.089821531522
SLITRK6	-1.6023317108673654	0.035429614298640305	4121.192307692308	1062.3703703703704	6603.5171211980405
CYP2A6	-4.653625940330754	4.863076013797476e-6	1344.8974358974358	65.12962962962963	6258.649594776624
PHGDH	1.2830129561065762	0.0010895562855574826	4344.2692307692305	9777.074074074075	5573.753707892072
HMGCS2	1.2655451211636994	0.432404882072606	4042.74358974359	11295.055555555555	5116.2744261158205
S100A7A	-2.0746509544533067	0.20529223657371118	2464.2179487179487	625.6111111111111	5112.392119288662
SPTBN2	1.1026832579228338	8.761018769941855e-4	4198.179487179487	10156.12962962963	4629.262234267889
STAC2	2.2766133417120944	0.0016613667016125205	1993.6153846153845	8660.703703703704	4538.691382857873
CHI3L1	1.391676607442811	0.013526062489336405	3063.128205128205	7290.925925925926	4262.883868675208
MAOB	1.3341963912008843	0.02423350604559528	3046.923076923077	7721.944444444444	4065.193773497464
CRISPLD1	-1.5812231820634808	0.007309354175625956	2224.269230769231	723.6296296296297	3517.066070842814
TMEM64	1.8116224550291493	3.562216087919565e-6	1721.4102564102564	5675.555555555556	3118.545474830306
KRT5	1.2103780571027607	0.13811669517777586	2574.397435897436	5637.7962962962965	3115.9941666718673
CHRNA9	-6.097276024910872	1.0963322419038528e-11	480.53846153846155	7.907407407407407	2929.975640586017
KRT6B	1.455341708047051	0.20227208441115574	1919.7435897435898	4389.814814814815	2793.8829149098133
C20orf56	-7.701862962767155	0.04661639148216373	349.55128205128204	0.4074074074074074	2692.1960728185445
AOX1	-1.7339132520281044	7.01891754719958e-4	1511.2179487179487	414.64814814814815	2620.3208279847795
KRT12	-6.224365563026758	7.907909166614385e-8	414.8076923076923	5.444444444444445	2581.9147152785995
HPD	-5.892082788135621	7.568230829483518e-12	436.2692307692308	6.666666666666667	2570.534425608552
SPANXA2	-6.259403625211245	0.05999256455444755	406.6666666666667	3.2777777777777777	2545.4908075859066
PDZK1IP1	-1.005124388654178	0.17432700950967708	2483.948717948718	1322.3703703703704	2496.6774365765345
FAIM2	-1.271764137018984	0.07180795764566948	1934.4871794871794	785.1111111111111	2460.211418394801
CES1	-1.4593670298775376	0.012090299911946994	1634.923076923077	647.7592592592592	2385.9528348474755
LOC643719	-2.4718387125315986	0.01682179112404275	957.7820512820513	126.55555555555556	2367.4827525268993
CRABP1	2.0208653399626266	0.01063656774370204	1071.576923076923	3311.685185185185	2165.5126629499514
FGL1	-2.4485566235999983	0.11784666876710631	860.3589743589744	110.16666666666667	2106.6376653403677
CHIT1	-1.2535933349145076	0.2677565581695835	1590.6923076923076	881.074074074074	1994.081274822854
SELL	2.4038107174978784	5.071517004791319e-10	798.3333333333334	5153.925925925926	1919.0422228024731
EGFR	-1.1349446549410187	0.05111710559685355	1668.7692307692307	877.1481481481482	1893.9607187915738
NCALD	1.3378991039661843	1.083739674423506e-4	1394.1538461538462	3307.5925925925926	1865.2371815602403
C2CD4A	-1.1401866191438035	0.30178562234446976	1619.2051282051282	702.5555555555555	1846.196020828514
GSTM1	1.2603883856057971	0.432404882072606	1441.948717948718	3383.6111111111113	1817.4154167417337
C6orf223	-3.3867875928737754	1.4513598144446564e-6	517.4358974358975	43.48148148148148	1752.4454775434049
KRT6A	1.8833487559597213	0.0726135139884002	907.2948717948718	2884.074074074074	1708.7526680835067
SLITRK3	-6.638070373400701	1.840022467758687e-7	251.28205128205127	2.4444444444444446	1668.0279399827402
INS	-7.250715481239619	0.06638811830890283	194.47435897435898	1.0740740740740742	1410.0782453195357
B4GALNT2	-1.7075116070112069	0.07134286919619288	815.025641025641	241.5	1391.6657420630313
UGT1A7	-3.715316182572926	0.2072665897512326	372.56410256410254	18.685185185185187	1384.1934393021695
CA10	-3.815972755390732	0.008330688198148086	359.3205128205128	24.685185185185187	1371.1572873761031
GCG	-8.403666650729669	0.02305970978205243	149.14102564102564	0.2962962962962963	1253.3314634351054
TRPA1	1.7903265661248777	0.07753632714792512	694.7435897435897	3985.8703703703704	1243.817905362912
FRZB	1.67130313666583	3.8279259958992235e-7	724.3717948717949	1908.8333333333333	1210.644852881488
MSMB	2.8020797642825284	1.2006819557072072e-6	411.97435897435895	1564.3333333333333	1154.3850146853174
BCHE	-2.760937739730835	4.307604641231398e-6	416.4871794871795	86.20370370370371	1149.895171960204
SLC13A2	-1.416035695679142	0.2677565581695835	807.3717948717949	264.68518518518516	1143.2672812229996
HSD3B2	-3.295641988726288	0.003704878515099328	344.11538461538464	34.388888888888886	1134.0811105051578
SCGB2A1	1.2219244911382767	0.1620982893740584	904.7179487179487	1469.7407407407406	1105.497019110845
CDC20B	-1.8353847720730634	0.17804877825211599	589.5384615384615	204.59259259259258	1082.0299148590736
ID4	1.4030917019277862	0.001210711518353821	760.1153846153846	1505.4814814814815	1066.5115886614938
PTPRN2	1.3364119810725066	0.010305458516845774	789.1153846153846	2072.814814814815	1054.583254448639
LOC84740	-2.8650545254384516	1.827846254134213e-5	348.3076923076923	56.55555555555556	997.9205300911776
CYP4F22	-1.3323781654236837	0.24604231614221073	730.8205128205128	329.3703703703704	973.7292941257906
GABRB3	-1.233743071077559	0.23404089538390105	787.4871794871794	282.81481481481484	971.5568512547177
CTSE	-2.797396777163958	0.00838949260192155	332.14102564102564	41.888888888888886	929.1302346921367
LACRT	-5.919730191607572	4.929689749830612e-4	156.12820512820514	2.4814814814814814	924.2368496589361
BPIL1	1.2581674623500807	0.2884437766760343	715.2692307692307	1776.9444444444443	899.9284729740173
MUC20	1.4312212631299974	0.005203649282924065	609.474358974359	1751.2592592592594	872.2926618966276
CHAD	1.1485286272129114	0.18379275432830952	747.025641025641	1794.4814814814815	857.9803339800246
TSIX	-1.029102274663901	0.3300051992206557	815.7051282051282	461.0925925925926	839.4440028909063
FAM135B	-2.901753559791428	3.131096662226148e-5	277.85897435897436	32.907407407407405	806.278267966149
CAMP	-1.6823316938883288	0.012452545293045599	475.21794871794873	118.61111111111111	799.4742166328036
DKK1	-1.0267082840513673	0.47755342183984645	774.8205128205128	500.962962962963	795.5146391657491
SCGB3A1	2.0587062373131833	0.03530826456606584	378.88461538461536	1671.611111111111	780.0121209143141
TTR	-4.894521095000212	6.81901793490125e-4	154.66666666666666	4.074074074074074	757.0192626933662
PCDH10	3.3162687390345758	1.3277411871068573e-6	218.9102564102564	2200.0555555555557	725.9652399873767
HAPLN1	-2.0899745452176073	6.415909830932766e-5	337.8205128205128	88.42592592592592	706.0362726472301
KRT20	2.916313529513398	0.11623999172506373	235.83333333333334	1453.3703703703704	687.7639407102431
CHGB	-2.522921836601499	0.0029974444406659297	271.62820512820514	42.592592592592595	685.29673015482
EPHA3	-1.0886458236750916	0.04871725188330585	606.3846153846154	269.81481481481484	660.1380790792882
SPANXC	-5.16606512217894	0.030135795329885383	126.53846153846153	2.1666666666666665	653.7059327680274
SPDYC	-2.4798633484280588	0.03001637873611558	261.2307692307692	64.9074074074074	647.8166100970528
LMO3	-1.213283954571037	0.047889287365679156	518.7179487179487	210.55555555555554	629.3521641274892
ROBO2	1.7949743925065778	0.013699618763036854	346.20512820512823	1265.2592592592594	621.4293396826619
C20orf85	-3.955236206305046	0.04222443111547052	157.02564102564102	16.09259259259259	621.0735007028744
PYDC1	-2.0986278534541056	0.024480216028816365	295.85897435897436	74.24074074074075	620.8978842841077
RTL1	-5.7268799249075695	1.873291157955686e-4	100.87179487179488	2.259259259259259	577.6806570406764
PSCA	1.0351924766911866	0.24493614640713135	554.4102564102565	1498.9444444444443	573.9213264363292
NPTX1	-2.3633943333125336	1.0992875484844659e-5	238.55128205128204	38	563.7907482044399
CRLF1	-1.2762348921678208	0.0236794341689023	429.1794871794872	189.66666666666666	547.7338365411534
S100A2	1.0783414096142778	0.29246171430633755	504.02564102564105	918.9814814814815	543.5117202253298
ANK1	-1.6310522329891413	0.00473116817762209	317.93589743589746	99.03703703703704	518.5700554602272
MYO3B	-2.481791224589026	2.6273341661179245e-4	206.9102564102564	41.55555555555556	513.5080586364396
NTNG1	-1.7967510055410634	0.0377888234548486	282.4102564102564	72.85185185185185	507.42091218023774
MLC1	-2.3033114682099103	0.0030914213616240666	217.5	42.2962962962963	500.9702443356555
FOXJ1	-1.1993815700888857	0.3781620677344532	407.84615384615387	217.5185185185185	489.1631603547132
psiTPTE22	1.0345157520373833	0.14976656627291945	472.8076923076923	945.1296296296297	489.12700537675204
MYOM2	-1.620543564940829	0.012581134535463966	289.1794871794872	79.25925925925925	468.62795706160693
ZFP57	-1.5742858632780026	0.2799142805494451	293.47435897435895	128.9814814814815	462.0125345679071
FAM196A	2.7784213163562788	1.4062237044282054e-6	165.98717948717947	1328.611111111111	461.1823177290351
SELE	1.1034709538493996	0.025637611422678692	416.14102564102564	952.1666666666666	459.19953449997
SPAG6	-2.1375187989300284	0.0490608092656417	212.05128205128204	81.85185185185185	453.2636017218291
KCNK3	-1.6536383564003596	0.002204573058056748	273.2307692307692	74.68518518518519	451.82488014877515
IGSF1	2.028592316738223	0.013606841149261903	221.67948717948718	511.81481481481484	449.6973044707771
AKR1B15	-1.3708286142475667	0.3522536261199513	319.88461538461536	102.18518518518519	438.50698402680814
ITIH2	-1.9721545909238882	0.08069063546443807	219.80769230769232	48.907407407407405	433.49474950500087
C1orf95	-1.2068014280492296	0.3074591981711017	356.03846153846155	173.55555555555554	429.6677238250661
SOX2	-1.2552789462188123	0.432404882072606	338.1923076923077	148.07407407407408	424.5256836193083
FOLR1	2.5971811593356517	1.9175142012436433e-5	157.96153846153845	1255.4444444444443	410.25473159198157
MUC4	-1.8427113374198985	0.006165931523330247	220.6153846153846	54.148148148148145	406.5304704400207
KLK10	1.7423751273743593	0.04063978353508889	229.80769230769232	720.0925925925926	400.411207156223
CPS1	1.9645922142724273	1.2006819557072072e-6	200.17948717948718	792.1851851851852	393.2710619698677
KLK11	2.2604383492787266	0.03267208051721154	172.55128205128204	720.1481481481482	390.04153516592794
SLC6A14	1.518720609397255	0.05770925189573103	256.05128205128204	649.7222222222222	388.8703591138715
PLP1	3.689157237604468	3.385220542197231e-9	104.55128205128206	1492.2962962962963	385.7061188803133
ZP2	-2.9561549349021585	0.04695825144707755	129.66666666666666	14.833333333333334	383.31475655897987
KRT24	-1.9265527221844772	0.38954674028851455	194.66666666666666	72	375.0355965852449
FCRLB	-1.297792717815027	0.08923321325846467	279.9230769230769	120.27777777777777	363.28213077914484
PAGE5	-2.2853601672491193	0.4258965210690006	157.24358974358975	31.74074074074074	359.3582365552622
SDK2	1.1138899512373086	0.07967119018016171	322	685.3703703703703	358.67256429841336
CLDN9	-1.7306568604274293	0.002224304548313374	205.60256410256412	75.46296296296296	355.8274880855729
LHX1	-1.8322729951519923	0.4258965210690006	192.8846153846154	48.25925925925926	353.41727194950926
MCOLN3	-1.12174571240523	0.031158557283024812	311.02564102564105	150.12962962962962	348.891679268601
SBSN	-1.5973488055221334	0.22372751456440346	205.97435897435898	60.870370370370374	329.0128962758794
SCGN	-1.645846657459624	0.19796155217255534	195.21794871794873	92.20370370370371	321.29880837356023
CST5	2.2098994591120644	0.2738100023025166	144.7051282051282	554.3703703703703	319.78378455125477
UPK1A	-1.6490088086905532	0.10659950198161902	188.46153846153845	76.44444444444444	310.7747370224504
PI15	1.1327567268133178	0.015452762426639148	270.84615384615387	614.4814814814815	306.8028027007456
FABP5	1.3044772681287187	6.81901793490125e-4	231.87179487179486	499.462962962963	302.4714855304616
SYT8	-1.2478315393482342	0.21572602493973497	235.53846153846155	106.5	293.9123210372533
LY6D	2.658031524710043	0.004580030475676918	110.53846153846153	679.9814814814815	293.8147154621793
CCDC129	-1.8699845641579655	0.11052658641817495	152.76923076923077	38.51851851851852	285.67610341674765
VTN	-1.645699956527772	0.05770661115451761	168.37179487179486	62.55555555555556	277.0894555010157
GDPD2	-2.0052471864286048	0.016899285619140152	137.89743589743588	40.148148148148145	276.5184453490522
IL7R	1.045727479230451	0.013699618763036854	260.94871794871796	585.3518518518518	272.8812450289308
S100G	-3.3920981217775408	0.22029468584910822	80.11538461538461	3.759259259259259	271.75924567933146
TCHHL1	-3.6276827930259348	0.018965746727975314	72.65384615384616	6.148148148148148	263.5651075394612
AMBP	1.6833230320993073	0.006165931523330247	156.56410256410257	523.9814814814815	263.54795984611206
UGT2B4	4.212997985781942	6.415909830932766e-5	62.01282051282051	1745.7592592592594	261.2598879131699
PXDNL	-1.054236891674284	0.12944238337092906	247.1153846153846	133.14814814814815	260.51815496181825
VIPR2	-1.13388636593577	0.2930989254736273	225.85897435897436	111.38888888888889	256.09841164987773
MT1A	-1.6494341629063651	0.036493862011652244	154.62820512820514	65.62962962962963	255.04904408735476
CLDN6	-1.6924767414620012	0.2785588296378917	149.06410256410257	52.75925925925926	252.28752657664987
SLC5A5	-1.384022312586125	0.20529223657371118	176.26923076923077	83.44444444444444	243.96054840700813
HHIPL2	1.0001051224329056	0.30429047963619227	239.19230769230768	545.2222222222222	239.2174521696246
SLC7A4	-1.9140224150494862	0.05010995831834117	124.66666666666667	44.851851851851855	238.61479440950262
PIPOX	-1.2079953657299285	0.028327176452853847	196.26923076923077	94.62962962962963	237.09232120460865
TTYH1	1.9063885268565004	1.892258478830067e-4	115.16666666666667	386.51851851851853	219.5524120096403
PCDH9	-1.627763775417276	7.604061106188134e-4	134.75641025641025	37.48148148148148	219.3516031206537
PKNOX2	-1.5224850635170082	0.01063656774370204	143.97435897435898	46.074074074074076	219.19881106789745
RIMBP2	-2.9750455253070505	1.644393335228984e-7	73.24358974358974	12.61111111111111	217.90301392409202
LGR6	1.3649339980772637	0.017796468220896776	154.06410256410257	364.64814814814815	210.28733147300613
SYT5	-1.9325858035372605	0.013526062489336405	106.35897435897436	30.77777777777778	205.54784392493735
GAGE12D	5.854833164392561	0.07323582067797658	34.30769230769231	1140.4814814814815	200.86581471685247
HPDL	-1.0271429908320073	0.12944238337092906	187.56410256410257	83.94444444444444	192.65515328041369
TRIM55	-2.0745617090522845	0.01983927826964124	91.78205128205128	13.11111111111111	190.40752916801674
RAET1E	-1.2991207344512414	0.02896896795298612	145.02564102564102	56.833333333333336	188.40581728349287
C6orf127	-1.4116827334295705	0.11211508887047793	129.5897435897436	41.18518518518518	182.9396034552064
PCDHA5	-1.544129103205767	0.006165931523330247	115.97435897435898	38.351851851851855	179.07938291794062
KCNC2	2.783223633324074	0.04537203772757699	64.26923076923077	267.2037037037037	178.87564197248184
HABP2	-1.4402659473568928	0.093961686571491	123.8974358974359	39.666666666666664	178.44525788791043
KRT13	1.6689138254482392	0.4592401361928863	103.66666666666667	366	173.01073323813415
UGT3A2	1.9013203521762911	0.00783798843930806	88.73076923076923	353.1111111111111	168.70561740271935
SLC26A7	3.063087180855438	4.881325551330568e-13	55.03846153846154	303.8333333333333	168.58760599246662
EFCAB5	-2.351759639751737	1.1958414555285582e-5	71.37179487179488	13.12962962962963	167.84930659612718
SLC12A3	-1.7822230998240334	0.03001637873611558	93.35897435897436	41.907407407407405	166.38652067844373
PTPRH	-1.2706705481938583	0.009099988821932824	130.52564102564102	55.48148148148148	165.85508783540604
EDDM3B	-1.571763143235865	0.41400165203198874	104.58974358974359	26.962962962962962	164.39030413484855
PAGE2B	-2.0566177216641837	0.41884353212884323	79.65384615384616	19.48148148148148	163.81751159871249
CES4	-2.355710435402029	0.001079288248168818	69.41025641025641	13.5	163.51046534957158
PRSS12	3.6712422970859224	2.731518880630287e-13	44.256410256410255	546.425925925926	162.47600525052056
AKR1D1	-1.7926283665254106	0.13657237738707328	89.42307692307692	24.72222222222222	160.3023443142915
COCH	1.1266371962414778	0.0910039183004451	141.35897435897436	311.24074074074076	159.26027853536584
UCA1	-1.3497725593214818	0.11757812296808234	117.8974358974359	47.81481481481482	159.1347237887224
SLC4A4	1.5061723136348695	0.006165931523330247	104.1923076923077	258.962962962963	156.9315691398793
CADM3	1.3251006511188332	0.013330131487642782	117.47435897435898	309.44444444444446	155.66534956669062
CYP3A5	-1.5042628713136945	0.00643821004930073	103.17948717948718	39.7037037037037	155.20907164528992
UGT2B15	1.1298037710837687	0.2089880194398615	136.93589743589743	302.72222222222223	154.7106933198171
DUSP5P	-2.211365352947614	7.790658597358557e-5	69.8974358974359	14.574074074074074	154.56876800346657
FAM177B	2.5674078485087333	4.775877945285133e-5	59.294871794871796	365.27777777777777	152.23411922247297
SCN4A	1.9911533221503248	2.8572360041735686e-6	76.1025641025641	233.64814814814815	151.53187333697858
PHGR1	-1.8994974734405454	0.21538573031893216	79.67948717948718	22.24074074074074	151.35098458247424
COL11A2	2.3497100406251654	1.4597719011799267e-5	63.73076923076923	404.4074074074074	149.74882835830383
CLDN2	1.007713186715528	0.48274771215701107	147.28205128205127	206	148.4180652434357
FRMPD1	-1.5982920114676	6.981980683686979e-4	91.53846153846153	26.944444444444443	146.3051918189572
ACADL	-1.467363059233829	0.2738100023025166	98.84615384615384	35.77777777777778	145.04319470119
CNTFR	1.0871053934073474	0.16481967642875697	132.5897435897436	281.24074074074076	144.13902536690753
RHCG	2.353208561107422	0.0017989004778300734	58.46153846153846	260.0740740740741	137.5721928032031
MFSD4	1.3112388116823839	6.284751429171672e-4	104.87179487179488	266.5925925925926	137.51196768669104
DSCR8	-1.8386991813797646	0.4258965210690006	74	27.72222222222222	136.06373942210257
PPARGC1A	1.1890292323834253	0.0236794341689023	111.5	249.37037037037038	132.57675941075192
PCDH11X	2.220775148574935	0.012452545293045599	59.42307692307692	149.27777777777777	131.96529248262596
ABCC13	1.7485716323007026	0.16412645536620118	74.56410256410257	297.3703703703704	130.38067453154983
LEP	1.5484511865171962	0.043002812231486345	81.35897435897436	255.62962962962962	125.98040037997599
TCHH	-1.17389102553656	0.016899285619140152	107.26923076923077	55.18518518518518	125.92238731621023
SYN1	-1.0905063325797184	0.013185797385946394	115.26923076923077	50.55555555555556	125.70182610543908
LGALS7B	3.5047920999160955	1.873291157955686e-4	35.705128205128204	298.44444444444446	125.1390512598247
DLX1	1.5878141863989723	0.01340710374154492	78.48717948717949	277.48148148148147	124.62305704018601
TBC1D3G	1.7861802631742931	0.12560198538087916	67.82051282051282	214.07407407407408	121.1396614383591
GDF9	1.0273232736262377	0.08135511391308048	116.26923076923077	256.2962962962963	119.44608677585063
NNAT	-1.077311406578482	0.10921495802890095	108.76923076923077	41.25925925925926	117.1783329924595
ACHE	1.1971550835171256	0.04537203772757699	96.8076923076923	199.62962962962962	115.89382096971558
SPIB	1.3817317819475268	0.0236794341689023	83.28205128205128	237.94444444444446	115.07345712219403
B3GAT1	1.148705073585516	0.1568241035897011	99.87179487179488	178.8148148148148	114.7232374773227
CSN3	3.9448204766846366	0.2159566132586259	28.371794871794872	283.2037037037037	111.92163737055257
STAG3	1.2362643550971404	0.013699618763036854	89.06410256410257	195.9814814814815	110.10677531871583
SULT1C4	1.66041105516448	1.827846254134213e-5	65.33333333333333	196.11111111111111	108.48018893741268
CDHR3	1.0435557148361516	0.12026778000222205	102.85897435897436	237.85185185185185	107.33907051449289
FLG	-1.5039328069918538	0.0017989004778300734	71.07692307692308	26.944444444444443	106.894916435421
ROPN1B	1.2931285455708028	0.2785588296378917	82.12820512820512	180.2962962962963	106.20232644777644
CCL11	1.3268292158856914	0.0017989004778300734	78.93589743589743	204.3148148148148	104.73445490010515
TMEM132E	1.9061087931250804	9.600688094127858e-4	53.705128205128204	220.44444444444446	102.36781710770464
BMP3	-1.3832504263331038	0.32653192550377147	71.57692307692308	27.074074074074073	99.00880936176563
GPR115	-1.2436542070080217	0.08069063546443807	79.32051282051282	36.25925925925926	98.64728947126449
SERPINB3	3.2560373839382035	0.2451823668094903	30.025641025641026	269.2037037037037	97.7646096561958
LOC400696	1.3545877012629914	0.04813543430240055	71.91025641025641	203.66666666666666	97.40874892800153
GCNT3	-1.3380135946466052	0.1455086101208066	70.74358974358974	37.96296296296296	94.65588481102522
BDNF	-1.2153676600338155	0.1311776583039844	77.5	27.59259259259259	94.1909936526207
CAPSL	-1.303166910405496	0.1534734842416335	72.15384615384616	34.851851851851855	94.02850476618117
CABP4	-1.0957719296889508	0.04470848700993884	82.76923076923077	36.407407407407405	90.69619971887008
DCX	1.6069061558995783	0.12388604658894059	56.11538461538461	124.20370370370371	90.17215697913403
KIAA1409	-1.4523240190390359	0.01634909506430677	62.03846153846154	20.055555555555557	90.09994779653711
CNTN2	1.8472106409787505	0.0022784244284286617	48.705128205128204	218.53703703703704	89.9686310907471
TCEAL2	-1.4536309614215621	0.013699618763036854	61.53846153846154	19.38888888888889	89.45421301055767
RGS9	1.6650088444444286	0.0011471434230532268	53.56410256410256	193.44444444444446	89.18470451395926
SLC26A4	1.0080602091639939	0.1499931326308739	85.5	161.0185185185185	86.18914788352147
LOC152225	-1.1979162443691793	0.3520324885149023	70.83333333333333	29.51851851851852	84.85240064281686
WIF1	1.599931620132859	0.21681568231145568	51.717948717948715	196.8148148148148	82.7451814822558
SGCG	2.410233922096697	6.415909830932766e-5	34.03846153846154	220.0185185185185	82.04065465598373
SLIT1	1.9159187558789446	1.3630087951386065e-4	42.12820512820513	207.74074074074073	80.71421835664374
HORMAD1	2.3404033109664004	0.023925737463763887	34.06410256410256	155.8148148148148	79.72373842612468
PCK1	1.078098471223567	0.38462564085578893	73.12820512820512	167.46296296296296	78.83940615204136
TCAM1P	1.978803484380927	0.002995960701489884	39.3974358974359	146.83333333333334	77.95978342952037
GCM1	1.993718408385476	0.001013195692947554	38.46153846153846	119.9074074074074	76.68147724559523
SCEL	1.7203186164371398	0.17804877825211599	44.01282051282051	167.38888888888889	75.71607449011155
C2orf82	2.091883059451525	0.02896896795298612	35.96153846153846	128.72222222222223	75.22733309950677
TACR1	1.0020513015921182	0.028211674853436508	72.1923076923077	154.09259259259258	72.3403958880156
HBA1	1.6594941054285597	0.05446951865840676	43.3974358974359	97.77777777777777	72.01778906250865
STK31	-1.0119896129671766	0.3383142149577786	70.25641025641026	37.03703703703704	71.0987574238478
SCRG1	1.295566945479468	0.351656639943675	54.61538461538461	107.98148148148148	70.75788702234017
INA	1.3528411916162275	0.2799142805494451	51.52564102564103	185.85185185185185	69.70600960391819
MYPN	1.4123295993624025	0.3972395499879252	47.57692307692308	117.33333333333333	67.19429670812661
BCAR4	1.9934734823179547	0.3312901398167136	32.8974358974359	107.79629629629629	65.58016609779322
TRIM67	3.2756596054464002	5.905428339276448e-13	20.012820512820515	166.2037037037037	65.55518774489528
CADM2	1.8573293420812016	0.002204573058056748	34.26923076923077	135.38888888888889	63.64924783824425
DMRTC2	1.6961146171215278	0.09380186611538083	37.333333333333336	89.87037037037037	63.32161237253704
VSIG1	1.1142489300219074	0.01783185136750207	56.42307692307692	122.87037037037037	62.869353090082235
KCNQ3	-1.1164555418317503	0.004541790212172172	55.8974358974359	28.09259259259259	62.40700208187733
FGFBP2	2.7898556030893773	1.540712753779687e-8	21.71794871794872	134.8148148148148	60.58994091837699
TCL1B	1.4314267196551467	0.3976362083431668	42.23076923076923	143.37037037037038	60.45025146851351
LEFTY1	3.1828822333378404	9.445586265238101e-14	17.82051282051282	176.2962962962963	56.720593645379466
GPR12	1.600359443438528	0.17429365519533438	35.23076923076923	89.25925925925925	56.381894238065065
CHODL	1.561551313088067	0.014723765667955026	36.1025641025641	162.92592592592592	56.376006380205084
ODZ1	-1.0394243237142096	0.09349345403138305	54.12820512820513	31.72222222222222	56.26217300924863
ZNF804A	-1.0434686285950228	0.019147615309766667	53.91025641025641	30.51851851851852	56.25366132361629
ALDH3A1	1.640616915383381	0.12560198538087916	33.94871794871795	117.03703703703704	55.69684092224606
RYR2	1.3599634618238037	5.319469360523002e-4	39.756410256410255	89.98148148148148	54.067265321995066
MAPK4	2.529956988527315	9.384983617829954e-7	21.28205128205128	123.53703703703704	53.842674371222344
WSCD2	1.9618052728092132	8.77055281417494e-7	27.346153846153847	93.66666666666667	53.647828806436564
C6orf176	1.6959346998932479	0.012687601744337943	31.525641025641026	120.31481481481481	53.46542855176278
UGT2B10	1.4528646479925287	0.3913773717936273	36.12820512820513	99.22222222222223	52.48939202619162
CDH10	3.9410121380402656	0.001210711518353821	13.294871794871796	193.27777777777777	52.39525111727892
CDH19	3.142273413807272	0.008330688198148086	16.55128205128205	126.46296296296296	52.00865355416908
GPR179	1.2960237444933813	0.032594881559468714	39.98717948717949	78.51851851851852	51.82433409070329
UGT2B7	2.925263188753359	3.53915265764455e-4	17.67948717948718	106.35185185185185	51.717153042190795
ARHGAP36	3.2959777753058432	8.982886370867217e-4	15.615384615384615	190.12962962962962	51.467960645160474
RHBG	1.0477300947822652	0.10843982636715198	48.833333333333336	109.61111111111111	51.16415296186729
KLK13	2.328192533960444	0.0016613667016125205	21.807692307692307	87.57407407407408	50.772506413675835
C12orf69	2.351078970321911	5.060769132737088e-8	21.166666666666668	89.5	49.764504871813784
KLK12	1.8010238267369896	0.4034473214311203	27.55128205128205	104.12962962962963	49.620515431510135
CD300LB	1.1441922144327183	0.0016866557728209082	43.282051282051285	108.72222222222223	49.522986101600736
RORB	1.3407446122371833	0.035705403565004665	35.46153846153846	85.0925925925926	47.54486663394935
LEFTY2	2.0930519608803104	2.123838718453697e-4	22.67948717948718	85.46296296296296	47.4693451127855
BCAN	2.469453473968187	2.3443391028184948e-7	19.166666666666668	84.77777777777777	47.331191584390254
SLC26A9	1.884921965702787	0.013699618763036854	25.102564102564102	127.07407407407408	47.31637447238534
PSORS1C2	3.129295305838896	8.77055281417494e-7	14.846153846153847	240.3148148148148	46.457999540531304
LGALS7	1.48667450613635	0.11623999172506373	30.141025641025642	73.92592592592592	44.80989440931486
SLC4A10	1.1982715989339487	0.30961644856703824	37.32051282051282	72.05555555555556	44.72011057047083
KCNS1	1.5247199140508987	0.02008953549900171	27.935897435897434	71.4074074074074	42.59441913739626
KLK14	3.6274624130270445	2.38095325101965e-11	11.692307692307692	139.33333333333334	42.413406675393134
BPI	2.6569369608313393	9.600688094127858e-4	15.602564102564102	95.66666666666667	41.455029247842816
GNAT3	2.989365306679501	0.49726503145117223	13.85897435897436	90.31481481481481	41.42953713487873
P2RX2	1.305508632692679	0.2976819087481607	30.71794871794872	74.55555555555556	40.10254722989306
TLX1	2.123420851454954	0.00695397551398588	18.82051282051282	85.16666666666667	39.96386935815221
CXCL5	2.452552462821546	4.466932791895795e-6	16.05128205128205	85.4074074074074	39.366611326315066
SUCNR1	1.330576136295092	6.629725636756599e-4	29.333333333333332	84.27777777777777	39.0302333313227
GBP6	1.1516853682790589	0.005203649282924065	33.19230769230769	71.42592592592592	38.22709510864723
NCAN	8.536667425545152	7.273692559025233e-22	4.397435897435898	1149.3333333333333	37.53944778156394
KCNJ16	4.117182060214988	1.969210737707232e-10	8.961538461538462	184.33333333333334	36.89628538577278
PCSK1	1.109376528369807	0.003704878515099328	32.8974358974359	75.5	36.4956432281657
MAEL	5.077174860529518	7.700038028899457e-17	7.051282051282051	205.4814814814815	35.80059196527224
ASTN1	1.0081337613305663	0.13657237738707328	34.5	63.407407407407405	34.78061476590454
CLEC4D	3.6105550136857048	1.881246658865996e-7	9.564102564102564	127.20370370370371	34.53171846422482
FGF5	2.2421963950914763	5.0572098589259704e-5	14.679487179487179	114.42592592592592	32.91429323563769
PZP	8.760005960762317	8.62078185807622e-24	3.6538461538461537	1834.111111111111	32.00771408740077
RSPO1	1.0031193947466794	0.028327176452853847	31.871794871794872	66.37037037037037	31.971215581285193
ERVFRDE1	5.4399629470426225	8.813910529959598e-21	5.666666666666667	229.96296296296296	30.826456699908196
FOXP2	1.1254715876837336	0.0014467404625505516	26.82051282051282	74.72222222222223	30.185725146594496
ISX	3.948590867598824	4.580200668352938e-5	6.705128205128205	100.20370370370371	26.475807996848527
AICDA	6.094231364489836	1.1217136266112646e-18	4.230769230769231	295.51851851851853	25.783286542072386
NXPH2	4.716363111320569	4.973705750709177e-13	3.9358974358974357	109.0925925925926	18.56312147660788
GLB1L3	4.337409498754702	4.953631811259197e-10	3.9358974358974357	131.74074074074073	17.07159892458581
GAGE2A	8.258183866124257	0.004617545206264227	1.5256410256410255	278.2962962962963	12.599024103445982
CSN2	9.935984973425095	5.018546152212728e-4	0.5256410256410257	339.037037037037	5.2227613321849855
PAGE1	9.44107933719645	1.873291157955686e-4	0.16666666666666666	126.20370370370371	1.573513222866075
